{
    "$schema": "https://vega.github.io/schema/vega-lite/v5.json",
    "title": "Employed Population in Malaysia",
    "width": 800,
    "height": 600,
    "data": {
      "url": "https://raw.githubusercontent.com/daniel-gus/FIT3179/master/Homework%20Week%209/Week%209%20Homework%20Choropleth%20Map/js/state_boundaries_topojson.json",
      "format": {
            "type": "topojson",
            "feature": "state_boundaries"
          }
    },
    "transform": [{
        "lookup": "properties.STATE",
        "from": {
          "data": {
            "url": "https://raw.githubusercontent.com/daniel-gus/FIT3179/master/Homework%20Week%209/Week%209%20Homework%20Choropleth%20Map/data/cleaned%20Employed%20person%20by%20sex%20and%20state%201982%20to%202020%20Malay.csv"
          },
          "key": "state",
          "fields": ["sum_employed"]
        }
      },
      {"calculate": "datum.sum_employed + 0.1", "as": "Employed Sum"}
    ],
    "projection": {
      "type": "equirectangular"
    },
    "mark": {
      "type": "geoshape"
      },
    "encoding": {
      "color": {
        "field": "Employed Sum",
        "type": "quantitative",
        "scale": {"type": "log"}
      },
      "tooltip": [
        {"field": "properties.state", "type": "nominal", "title": "state"},
        {"field": "sum_employed", "type": "quantitative"}
      ]
    }
  
  }
  